Name:,Complex name:,Uniprot Accession Number:,% Identity:,% Diff:,ipTM:
o13535_ub,o13535_ub,,100.0,0.0,0.75
o13535_ub_h25,o13535_ub,G8ZUH5,24.46,75.53999999999999,0.25
o13535_ub_h30,o13535_ub,UPI002EFB229F,27.22,72.78,0.42
o13535_ub_h55,o13535_ub,A0AA35NLP0,50.24,49.76,0.32
o13535_ub_h85,o13535_ub,A0A0L8VT75,82.19,17.810000000000002,0.89
