Name:,Complex name:,Uniprot Accession Number:,% Identity:,% Diff:,ipTM:
p0c2i5_ub,p0c2i5_ub,,100.0,0.0,0.75
p0c2i5_ub_h25,p0c2i5_ub,A7TMQ1,24.73,75.27,0.17
p0c2i5_ub_h30,p0c2i5_ub,A0A7H9HN04,28.65,71.35,0.59
p0c2i5_ub_h35,p0c2i5_ub,A7TJX5,30.68,69.32,0.22
p0c2i5_ub_h55,p0c2i5_ub,A0AA35ND33,50.53,49.47,0.22
p0c2i5_ub_h65,p0c2i5_ub,A0AA35NLP0,64.32,35.68000000000001,0.32
p0c2i5_ub_h70,p0c2i5_ub,A0AA35JE33,66.15,33.849999999999994,0.25
p0c2i5_ub_h85,p0c2i5_ub,A6ZMH7,80.1,19.900000000000006,0.89
