Name:,Complex name:,Uniprot Accession Number:,% Identity:,% Diff:,ipTM:
p0cx59_ub,p0cx59_ub,,100.0,0.0,0.85
p0cx59_ub_h25,p0cx59_ub,A7TMQ1,24.73,75.27,0.17
p0cx59_ub_h30,p0cx59_ub,A0A7H9HN04,28.65,71.35,0.59
p0cx59_ub_h35,p0cx59_ub,A7TJX5,30.68,69.32,0.22
p0cx59_ub_h55,p0cx59_ub,A0AA35ND33,50.0,50.0,0.22
p0cx59_ub_h65,p0cx59_ub,A0AA35NLP0,64.32,35.68000000000001,0.32
p0cx59_ub_h70,p0cx59_ub,A0AA35JE33,65.46,34.540000000000006,0.25
p0cx59_ub_h85,p0cx59_ub,A6ZMH7,80.0,20.0,0.89
