Name:,Complex name:,Uniprot Accession Number:,% Identity:,% Diff:,ipTM:
p12611_ub,p12611_ub,,100.0,0.0,0.83
p12611_ub_h30,p12611_ub,A0A9P3LSQ1,29.82,70.18,0.25
p12611_ub_h35,p12611_ub,A0A8H2Y232,32.71,67.28999999999999,0.31
p12611_ub_h50,p12611_ub,A0AAI9SXT3,48.67,51.33,0.25
p12611_ub_h55,p12611_ub,G8BYK1,51.33,48.67,0.47
p12611_ub_h70,p12611_ub,Q75C35,66.36,33.64,0.77
p12611_ub_h99,p12611_ub,J6EM57,97.67,2.3299999999999983,0.71
