Name:,Complex name:,Uniprot Accession Number:,% Identity:,% Diff:,ipTM:
p28778_ub,p28778_ub,,100.0,0.0,0.82
p28778_ub_h35,p28778_ub,A0AAD7VWK3,34.48,65.52000000000001,0.36
p28778_ub_h40,p28778_ub,A0A9P9A5Z5,39.5,60.5,0.48
p28778_ub_h45,p28778_ub,A0A421JK17,40.87,59.13,0.22
p28778_ub_h50,p28778_ub,UPI002224EE1D,49.57,50.43,0.35
p28778_ub_h55,p28778_ub,W1QD54,54.78,45.22,0.19
p28778_ub_h65,p28778_ub,A0A0H5C7C2,64.6,35.400000000000006,0.28
p28778_ub_h70,p28778_ub,G0V6M3,67.46,32.540000000000006,0.47
p28778_ub_h75,p28778_ub,A0A1X7R079,70.49,29.510000000000005,0.76
