Name:,Complex name:,Uniprot Accession Number:,% Identity:,% Diff:,ipTM:
p33202_ub,p33202_ub,,100.0,0.0,0.89
p33202_ub_h45,p33202_ub,A0A6H5GWX5,44.88,55.12,0.83
p33202_ub_h50,p33202_ub,A0A1M8A8V9,49.61,50.39,0.79
p33202_ub_h55,p33202_ub,A0A4P9XBJ1,51.97,48.03,0.86
p33202_ub_h60,p33202_ub,A0A167FFR1,59.2,40.8,0.88
p33202_ub_h65,p33202_ub,A0A9W6T3K5,62.2,37.8,0.77
p33202_ub_h70,p33202_ub,Q75DK8,66.14,33.86,0.84
p33202_ub_h75,p33202_ub,A0A8H2ZIP8,72.44,27.560000000000002,0.85
p33202_ub_h80,p33202_ub,G0V6H1,76.38,23.620000000000005,0.85
