Name:,Complex name:,Uniprot Accession Number:,% Identity:,% Diff:,ipTM:
p36134_ub,p36134_ub,,100.0,0.0,0.82
p36134_ub_h30,p36134_ub,A0A9P6W9Y2,29.37,70.63,0.3
p36134_ub_h35,p36134_ub,A7TQX7,31.78,68.22,0.45
p36134_ub_h40,p36134_ub,G8ZZE1,35.29,64.71000000000001,0.41
p36134_ub_h70,p36134_ub,H0GXP9,66.96,33.040000000000006,0.28
