Name:,Complex name:,Uniprot Accession Number:,% Identity:,% Diff:,ipTM:
p38041_ub,p38041_ub,,100.0,0.0,0.95
p38041_ub_h25,p38041_ub,A0A317ALW1,23.89,76.11,0.75
p38041_ub_h30,p38041_ub,A0A3N4LD79,28.26,71.74,0.54
p38041_ub_h35,p38041_ub,Q6FWY7,33.55,66.45,0.95
p38041_ub_h40,p38041_ub,I2H2F3,35.49,64.50999999999999,0.73
p38041_ub_h45,p38041_ub,G8ZRM0,44.41,55.59,0.86
p38041_ub_h99,p38041_ub,B5VDQ5,98.96,1.0400000000000063,0.75
