Name:,Complex name:,Uniprot Accession Number:,% Identity:,% Diff:,ipTM:
p39940_ub,p39940_ub,,100.0,0.0,0.77
p39940_ub_h50,p39940_ub,A0A3Q2DZA9,49.43,50.57,0.73
p39940_ub_h55,p39940_ub,A0A2C9JGB1,54.94,45.06,0.74
p39940_ub_h60,p39940_ub,A0A5C3QR52,58.43,41.57,0.84
p39940_ub_h65,p39940_ub,A0AAW0FVX0,64.89,35.11,0.84
p39940_ub_h75,p39940_ub,Q5KC94,74.43,25.569999999999993,0.51
p39940_ub_h80,p39940_ub,D5GP79,79.39,20.61,0.64
p39940_ub_h90,p39940_ub,Q6BT41,85.5,14.5,0.6
p39940_ub_h99,p39940_ub,H2AQ58,95.8,4.200000000000003,0.65
