Name:,Complex name:,Uniprot Accession Number:,% Identity:,% Diff:,ipTM:
p47099_ub,p47099_ub,,100.0,0.0,0.76
p47099_ub_h25,p47099_ub,A7TMQ1,24.73,75.27,0.18
p47099_ub_h30,p47099_ub,A0A7H9HN04,28.65,71.35,0.6
p47099_ub_h35,p47099_ub,A7TJX5,30.11,69.89,0.22
p47099_ub_h50,p47099_ub,A0AA35ND33,48.99,51.01,0.26
p47099_ub_h65,p47099_ub,A0AA35NLP0,64.32,35.68000000000001,0.33
p47099_ub_h70,p47099_ub,A0AA35JE33,65.99,34.010000000000005,0.25
p47099_ub_h85,p47099_ub,A6ZMH7,80.4,19.599999999999994,0.89
