Name:,Complex name:,Uniprot Accession Number:,% Identity:,% Diff:,ipTM:
p47014_ub,p47014_ub,,100.0,0.0,0.76
p47014_ub_h25,p47014_ub,A0AAE0SFU4,24.91,75.09,0.39
p47014_ub_h30,p47014_ub,A0AAV5QB59,29.29,70.71000000000001,0.63
p47014_ub_h35,p47014_ub,A0A061AJD1,34.02,65.97999999999999,0.18
p47014_ub_h40,p47014_ub,A0A060T7C0,35.64,64.36,0.34
p47014_ub_h45,p47014_ub,UPI003871437B,44.03,55.97,0.17
p47014_ub_h50,p47014_ub,G8ZZB8,48.93,51.07,0.2
p47014_ub_h55,p47014_ub,G0V7T9,50.19,49.81,0.2
