Name:,Complex name:,Uniprot Accession Number:,% Identity:,% Diff:,ipTM:
p53094_ub,p53094_ub,,100.0,0.0,0.83
p53094_ub_h25,p53094_ub,A0A2U9R9T2,24.95,75.05,0.24
p53094_ub_h30,p53094_ub,A0A1A0HF26,29.19,70.81,0.3
p53094_ub_h35,p53094_ub,A0A376B7J2,33.71,66.28999999999999,0.28
p53094_ub_h40,p53094_ub,I2H2W6,37.3,62.7,0.2
p53094_ub_h50,p53094_ub,W0TBH6,46.23,53.77,0.8
p53094_ub_h55,p53094_ub,A0A0W0CQ19,51.47,48.53,0.63
p53094_ub_h95,p53094_ub,J4TT62,90.93,9.069999999999993,0.73
