Name:,Complex name:,Uniprot Accession Number:,% Identity:,% Diff:,ipTM:
p54860_ub,p54860_ub,,100.0,0.0,0.83
p54860_ub_h25,p54860_ub,F4QBE4,24.73,75.27,0.69
p54860_ub_h30,p54860_ub,A0A8K0JN99,29.02,70.98,0.77
p54860_ub_h35,p54860_ub,A0A1E3PLB3,33.77,66.22999999999999,0.74
p54860_ub_h40,p54860_ub,A0A1A0HJR1,38.48,61.52,0.78
p54860_ub_h45,p54860_ub,Q5AND8,41.84,58.16,0.45
p54860_ub_h50,p54860_ub,A0A1E5RBG7,47.13,52.87,0.67
p54860_ub_h60,p54860_ub,K0KJ06,56.32,43.68,0.57
p54860_ub_h75,p54860_ub,Q75A24,70.76,29.239999999999995,0.47
