Name:,Complex name:,Uniprot Accession Number:,% Identity:,% Diff:,ipTM:
q03856_ub,q03856_ub,,100.0,0.0,0.82
q03856_ub_h25,q03856_ub,A7TMQ1,24.73,75.27,0.18
q03856_ub_h30,q03856_ub,A0A7H9HN04,28.65,71.35,0.6
q03856_ub_h35,q03856_ub,A7TJX5,30.11,69.89,0.22
q03856_ub_h50,q03856_ub,A0AA35ND33,48.99,51.01,0.26
q03856_ub_h65,q03856_ub,A0AA35NLP0,64.32,35.68000000000001,0.33
q03856_ub_h70,q03856_ub,A0AA35JE33,65.99,34.010000000000005,0.25
q03856_ub_h85,q03856_ub,A6ZMH7,80.4,19.599999999999994,0.89
