Name:,Complex name:,Uniprot Accession Number:,% Identity:,% Diff:,ipTM:
q03964_ub,q03964_ub,,100.0,0.0,0.91
q03964_ub_h25,q03964_ub,A0AAV5RV84,24.14,75.86,0.21
q03964_ub_h30,q03964_ub,A7TMQ1,25.56,74.44,0.18
q03964_ub_h35,q03964_ub,A7TJX5,30.73,69.27,0.22
q03964_ub_h50,q03964_ub,A0AA35ND33,46.97,53.03,0.26
q03964_ub_h60,q03964_ub,A0AA35NLP0,58.42,41.58,0.33
q03964_ub_h70,q03964_ub,A0AA35JE33,65.46,34.540000000000006,0.25
q03964_ub_h85,q03964_ub,P08405,80.3,19.700000000000003,0.56
q03964_ub_h99,q03964_ub,A6ZMH7,97.54,2.4599999999999937,0.89
