Name:,Complex name:,Uniprot Accession Number:,% Identity:,% Diff:,ipTM:
q04215_ub,q04215_ub,,100.0,0.0,0.92
q04215_ub_h25,q04215_ub,A0AAV5RV84,24.57,75.43,0.21
q04215_ub_h30,q04215_ub,A0A7H9HN04,28.42,71.58,0.6
q04215_ub_h35,q04215_ub,A7TJX5,30.73,69.27,0.22
q04215_ub_h50,q04215_ub,A0AA35ND33,45.96,54.04,0.26
q04215_ub_h60,q04215_ub,A0AA35NLP0,58.05,41.95,0.33
q04215_ub_h70,q04215_ub,A0AA35JE33,65.02,34.980000000000004,0.25
q04215_ub_h80,q04215_ub,P08405,79.9,20.099999999999994,0.56
q04215_ub_h99,q04215_ub,A0A0L8VT75,97.06,2.9399999999999977,0.89
