Name:,Complex name:,Uniprot Accession Number:,% Identity:,% Diff:,ipTM:
q04201_ub,q04201_ub,,100.0,0.0,0.72
q04201_ub_h45,q04201_ub,Q756I2,43.48,56.52,0.81
q04201_ub_h85,q04201_ub,J5P593,84.62,15.379999999999995,0.83
q04201_ub_h90,q04201_ub,A0AA35NC92,89.8,10.200000000000003,0.74
