Name:,Complex name:,Uniprot Accession Number:,% Identity:,% Diff:,ipTM:
q04214_ub,q04214_ub,,100.0,0.0,0.86
q04214_ub_h25,q04214_ub,A7TMQ1,24.49,75.51,0.18
q04214_ub_h30,q04214_ub,A7TJX5,29.45,70.55,0.22
q04214_ub_h55,q04214_ub,A0AA35ND33,51.3,48.7,0.26
q04214_ub_h65,q04214_ub,UPI0006C1674E,62.99,37.01,0.25
q04214_ub_h70,q04214_ub,A0AA35NLP0,66.01,33.989999999999995,0.33
q04214_ub_h75,q04214_ub,A0AA35JE33,72.73,27.269999999999996,0.25
q04214_ub_h85,q04214_ub,P08405,84.52,15.480000000000004,0.56
q04214_ub_h99,q04214_ub,A0A0L8VT75,97.42,2.5799999999999983,0.89
