Name:,Complex name:,Uniprot Accession Number:,% Identity:,% Diff:,ipTM:
q08412_ub,q08412_ub,,100.0,0.0,0.89
q08412_ub_h55,q08412_ub,A0A1E5RBR3,53.85,46.15,0.95
q08412_ub_h60,q08412_ub,A7TLU9,59.02,40.98,0.88
q08412_ub_h65,q08412_ub,I6NDU5,63.64,36.36,0.93
q08412_ub_h70,q08412_ub,A0A120K199,69.84,30.159999999999997,0.86
q08412_ub_h75,q08412_ub,J7RV25,74.58,25.42,0.77
q08412_ub_h80,q08412_ub,A0A1Q2ZXE5,78.95,21.049999999999997,0.89
q08412_ub_h85,q08412_ub,Q6FKP0,80.7,19.299999999999997,0.86
