Name:,Complex name:,Uniprot Accession Number:,% Identity:,% Diff:,ipTM:
q12084_ub,q12084_ub,,100.0,0.0,0.79
q12084_ub_h25,q12084_ub,A0A2A6CZV4,24.79,75.21000000000001,0.23
q12084_ub_h30,q12084_ub,A0A1E3R1G1,29.96,70.03999999999999,0.25
q12084_ub_h35,q12084_ub,A0A376BB10,32.62,67.38,0.22
q12084_ub_h40,q12084_ub,A0A1E5R1E7,35.71,64.28999999999999,0.4
q12084_ub_h45,q12084_ub,G8C0E9,42.92,57.08,0.49
q12084_ub_h50,q12084_ub,A0A7G3ZF63,46.49,53.51,0.2
