Name:,Complex name:,Uniprot Accession Number:,% Identity:,% Diff:,ipTM:
q12112_ub,q12112_ub,,100.0,0.0,0.87
q12112_ub_h25,q12112_ub,A0AAV5RV84,24.71,75.28999999999999,0.21
q12112_ub_h30,q12112_ub,A0A7H9HN04,27.89,72.11,0.6
q12112_ub_h35,q12112_ub,A7TJX5,30.73,69.27,0.22
q12112_ub_h50,q12112_ub,A0AA35ND33,46.46,53.54,0.26
q12112_ub_h60,q12112_ub,A0AA35NLP0,58.05,41.95,0.33
q12112_ub_h70,q12112_ub,A0AA35JE33,66.0,34.0,0.25
q12112_ub_h85,q12112_ub,P08405,82.27,17.730000000000004,0.56
q12112_ub_h99,q12112_ub,A6ZMH7,96.55,3.450000000000003,0.89
