Name:,Complex name:,Uniprot Accession Number:,% Identity:,% Diff:,ipTM:
q12266_ub,q12266_ub,,100.0,0.0,0.92
q12266_ub_h30,q12266_ub,H2ARF8,29.09,70.91,0.34
q12266_ub_h55,q12266_ub,P25383,52.25,47.75,0.24
q12266_ub_h65,q12266_ub,A0AA35NLP0,63.96,36.04,0.33
q12266_ub_h70,q12266_ub,UPI0006C1674E,66.67,33.33,0.25
q12266_ub_h75,q12266_ub,A0AA35JE33,72.97,27.03,0.25
q12266_ub_h85,q12266_ub,P08405,83.04,16.959999999999994,0.56
q12266_ub_h99,q12266_ub,A0A0L8VT75,97.32,2.680000000000007,0.89
