Name:,Complex name:,Uniprot Accession Number:,% Identity:,% Diff:,ipTM:
q12316_ub,q12316_ub,,100.0,0.0,0.7
q12316_ub_h25,q12316_ub,H2ARF9,24.76,75.24,0.24
q12316_ub_h30,q12316_ub,H2ARF8,27.36,72.64,0.34
q12316_ub_h55,q12316_ub,P25383,54.95,45.05,0.24
q12316_ub_h60,q12316_ub,H0GQI7,55.56,44.44,0.24
q12316_ub_h70,q12316_ub,UPI0006C1674E,69.37,30.629999999999995,0.25
q12316_ub_h85,q12316_ub,A6ZMH7,83.04,16.959999999999994,0.89
