Name:,Complex name:,Uniprot Accession Number:,% Identity:,% Diff:,ipTM:
q12391_ub,q12391_ub,,100.0,0.0,0.92
q12391_ub_h25,q12391_ub,A0AAV5RV84,24.71,75.28999999999999,0.21
q12391_ub_h30,q12391_ub,A0A7H9HN04,27.89,72.11,0.6
q12391_ub_h35,q12391_ub,A7TJX5,30.73,69.27,0.22
q12391_ub_h50,q12391_ub,A0AA35ND33,46.46,53.54,0.26
q12391_ub_h60,q12391_ub,A0AA35NLP0,58.05,41.95,0.33
q12391_ub_h70,q12391_ub,A0AA35JE33,65.52,34.480000000000004,0.25
q12391_ub_h85,q12391_ub,P08405,82.35,17.650000000000006,0.56
q12391_ub_h99,q12391_ub,A6ZMH7,96.57,3.430000000000007,0.89
