Name:,Complex name:,Uniprot Accession Number:,% Identity:,% Diff:,ipTM:
q12441_ub,q12441_ub,,100.0,0.0,0.83
q12441_ub_h25,q12441_ub,A7TMQ1,24.73,75.27,0.18
q12441_ub_h30,q12441_ub,A0A7H9HN04,28.65,71.35,0.6
q12441_ub_h35,q12441_ub,A7TJX5,30.68,69.32,0.22
q12441_ub_h50,q12441_ub,A0AA35ND33,49.24,50.76,0.26
q12441_ub_h65,q12441_ub,A0AA35NLP0,64.32,35.68000000000001,0.33
q12441_ub_h70,q12441_ub,A0AA35JE33,66.5,33.5,0.25
q12441_ub_h80,q12441_ub,A6ZMH7,79.8,20.200000000000003,0.89
