Name:,Complex name:,Uniprot Accession Number:,% Identity:,% Diff:,ipTM:
q12485_ub,q12485_ub,,100.0,0.0,0.79
q12485_ub_h25,q12485_ub,A7TMQ1,24.73,75.27,0.18
q12485_ub_h30,q12485_ub,A0A7H9HN04,28.65,71.35,0.6
q12485_ub_h35,q12485_ub,A7TJX5,30.11,69.89,0.22
q12485_ub_h50,q12485_ub,A0AA35ND33,48.99,51.01,0.26
q12485_ub_h65,q12485_ub,A0AA35NLP0,64.32,35.68000000000001,0.33
q12485_ub_h70,q12485_ub,A0AA35JE33,65.99,34.010000000000005,0.25
q12485_ub_h85,q12485_ub,A6ZMH7,80.4,19.599999999999994,0.89
