Name:,Complex name:,Uniprot Accession Number:,% Identity:,% Diff:,ipTM:
q6q5p6_ub,q6q5p6_ub,,100.0,0.0,0.84
q6q5p6_ub_h30,q6q5p6_ub,A7TKG8,26.05,73.95,0.5
q6q5p6_ub_h65,q6q5p6_ub,A0AA35JGG9,60.91,39.09,0.49
q6q5p6_ub_h70,q6q5p6_ub,H0GT24,65.82,34.18000000000001,0.49
q6q5p6_ub_h95,q6q5p6_ub,P47023,91.84,8.159999999999997,0.16
