Name:,Complex name:,Uniprot Accession Number:,% Identity:,% Diff:,ipTM:
q92392_ub,q92392_ub,,100.0,0.0,0.82
q92392_ub_h25,q92392_ub,H2ARF9,22.79,77.21000000000001,0.24
q92392_ub_h30,q92392_ub,G0WDH6,27.74,72.26,0.44
q92392_ub_h35,q92392_ub,UPI002EFB229F,31.4,68.6,0.43
q92392_ub_h55,q92392_ub,P25383,53.52,46.48,0.24
q92392_ub_h70,q92392_ub,A0AA35NLP0,66.9,33.099999999999994,0.33
q92392_ub_h75,q92392_ub,A0AA35JE33,70.42,29.58,0.25
q92392_ub_h85,q92392_ub,A6ZMH7,83.22,16.78,0.89
